Valid_From_UTC,Valid_To_UTC,Valid_From_Local,Valid_To_Local,Price_Inc_VAT,Price_Ex_VAT
10/27/22 4:30,10/27/22 5:00,10/27/22 5:30,10/27/22 6:00,21.0,20.0
10/27/22 5:00,10/27/22 5:30,10/27/22 6:00,10/27/22 6:30,15.56,14.82
10/27/22 5:30,10/27/22 6:00,10/27/22 6:30,10/27/22 7:00,15.53,14.79
10/27/22 6:00,10/27/22 6:30,10/27/22 7:00,10/27/22 7:30,12.6,12.0
10/27/22 6:30,10/27/22 7:00,10/27/22 7:30,10/27/22 8:00,18.54,17.66
10/27/22 7:00,10/27/22 7:30,10/27/22 8:00,10/27/22 8:30,15.2,14.48
10/27/22 7:30,10/27/22 8:00,10/27/22 8:30,10/27/22 9:00,19.76,18.82
10/27/22 8:00,10/27/22 8:30,10/27/22 9:00,10/27/22 9:30,18.9,18.0
10/27/22 8:30,10/27/22 9:00,10/27/22 9:30,10/27/22 10:00,17.49,16.66
10/27/22 9:00,10/27/22 9:30,10/27/22 10:00,10/27/22 10:30,16.61,15.82
10/27/22 9:30,10/27/22 10:00,10/27/22 10:30,10/27/22 11:00,13.97,13.3
10/27/22 10:00,10/27/22 10:30,10/27/22 11:00,10/27/22 11:30,15.34,14.61
10/27/22 10:30,10/27/22 11:00,10/27/22 11:30,10/27/22 12:00,13.86,13.2
10/27/22 11:00,10/27/22 11:30,10/27/22 12:00,10/27/22 12:30,13.86,13.2
10/27/22 11:30,10/27/22 12:00,10/27/22 12:30,10/27/22 13:00,13.86,13.2
10/27/22 12:00,10/27/22 12:30,10/27/22 13:00,10/27/22 13:30,14.7,14.0
10/27/22 12:30,10/27/22 13:00,10/27/22 13:30,10/27/22 14:00,13.86,13.2
10/27/22 13:00,10/27/22 13:30,10/27/22 14:00,10/27/22 14:30,14.91,14.2
10/27/22 13:30,10/27/22 14:00,10/27/22 14:30,10/27/22 15:00,15.04,14.32
10/27/22 14:00,10/27/22 14:30,10/27/22 15:00,10/27/22 15:30,15.36,14.63
10/27/22 14:30,10/27/22 15:00,10/27/22 15:30,10/27/22 16:00,16.8,16.0
10/27/22 15:00,10/27/22 15:30,10/27/22 16:00,10/27/22 16:30,30.56,29.1
10/27/22 15:30,10/27/22 16:00,10/27/22 16:30,10/27/22 17:00,35.8,34.09
10/27/22 16:00,10/27/22 16:30,10/27/22 17:00,10/27/22 17:30,33.35,31.76
10/27/22 16:30,10/27/22 17:00,10/27/22 17:30,10/27/22 18:00,35.8,34.09
10/27/22 17:00,10/27/22 17:30,10/27/22 18:00,10/27/22 18:30,35.8,34.09
10/27/22 17:30,10/27/22 18:00,10/27/22 18:30,10/27/22 19:00,35.8,34.09
10/27/22 18:00,10/27/22 18:30,10/27/22 19:00,10/27/22 19:30,24.15,23.0
10/27/22 18:30,10/27/22 19:00,10/27/22 19:30,10/27/22 20:00,14.94,14.23
10/27/22 19:00,10/27/22 19:30,10/27/22 20:00,10/27/22 20:30,19.55,18.62
10/27/22 19:30,10/27/22 20:00,10/27/22 20:30,10/27/22 21:00,16.8,16.0
10/27/22 20:00,10/27/22 20:30,10/27/22 21:00,10/27/22 21:30,17.89,17.04
10/27/22 20:30,10/27/22 21:00,10/27/22 21:30,10/27/22 22:00,14.7,14.0
10/27/22 21:00,10/27/22 21:30,10/27/22 22:00,10/27/22 22:30,15.79,15.04
10/27/22 21:30,10/27/22 22:00,10/27/22 22:30,10/27/22 23:00,13.34,12.7
10/27/22 22:00,10/27/22 22:30,10/27/22 23:00,10/27/22 23:30,15.12,14.4
10/27/22 22:30,10/27/22 23:00,10/27/22 23:30,10/28/22 0:00,12.18,11.6
10/27/22 23:00,10/27/22 23:30,10/28/22 0:00,10/28/22 0:30,15.12,14.4
10/27/22 23:30,10/28/22 0:00,10/28/22 0:30,10/28/22 1:00,12.18,11.6
10/28/22 0:00,10/28/22 0:30,10/28/22 1:00,10/28/22 1:30,14.45,13.76
10/28/22 0:30,10/28/22 1:00,10/28/22 1:30,10/28/22 2:00,15.54,14.8
10/28/22 1:00,10/28/22 1:30,10/28/22 2:00,10/28/22 2:30,15.54,14.8
10/28/22 1:30,10/28/22 2:00,10/28/22 2:30,10/28/22 3:00,14.66,13.96
10/28/22 2:00,10/28/22 2:30,10/28/22 3:00,10/28/22 3:30,15.54,14.8
10/28/22 2:30,10/28/22 3:00,10/28/22 3:30,10/28/22 4:00,13.25,12.62
10/28/22 3:00,10/28/22 3:30,10/28/22 4:00,10/28/22 4:30,15.96,15.2
10/28/22 3:30,10/28/22 4:00,10/28/22 4:30,10/28/22 5:00,15.33,14.6
10/28/22 4:00,10/28/22 4:30,10/28/22 5:00,10/28/22 5:30,15.33,14.6
10/28/22 4:30,10/28/22 5:00,10/28/22 5:30,10/28/22 6:00,16.38,15.6
10/28/22 5:00,10/28/22 5:30,10/28/22 6:00,10/28/22 6:30,15.75,15.0
10/28/22 5:30,10/28/22 6:00,10/28/22 6:30,10/28/22 7:00,15.54,14.8
10/28/22 6:00,10/28/22 6:30,10/28/22 7:00,10/28/22 7:30,16.53,15.74
10/28/22 6:30,10/28/22 7:00,10/28/22 7:30,10/28/22 8:00,23.48,22.36
10/28/22 7:00,10/28/22 7:30,10/28/22 8:00,10/28/22 8:30,21.0,20.0
10/28/22 7:30,10/28/22 8:00,10/28/22 8:30,10/28/22 9:00,21.21,20.2
10/28/22 8:00,10/28/22 8:30,10/28/22 9:00,10/28/22 9:30,22.26,21.2
10/28/22 8:30,10/28/22 9:00,10/28/22 9:30,10/28/22 10:00,17.64,16.8
10/28/22 9:00,10/28/22 9:30,10/28/22 10:00,10/28/22 10:30,16.8,16.0
10/28/22 9:30,10/28/22 10:00,10/28/22 10:30,10/28/22 11:00,16.8,16.0
10/28/22 10:00,10/28/22 10:30,10/28/22 11:00,10/28/22 11:30,14.07,13.4
10/28/22 10:30,10/28/22 11:00,10/28/22 11:30,10/28/22 12:00,14.07,13.4
10/28/22 11:00,10/28/22 11:30,10/28/22 12:00,10/28/22 12:30,14.07,13.4
10/28/22 11:30,10/28/22 12:00,10/28/22 12:30,10/28/22 13:00,14.03,13.36
10/28/22 12:00,10/28/22 12:30,10/28/22 13:00,10/28/22 13:30,14.07,13.4
10/28/22 12:30,10/28/22 13:00,10/28/22 13:30,10/28/22 14:00,14.03,13.36
10/28/22 13:00,10/28/22 13:30,10/28/22 14:00,10/28/22 14:30,14.07,13.4
10/28/22 13:30,10/28/22 14:00,10/28/22 14:30,10/28/22 15:00,14.03,13.36
10/28/22 14:00,10/28/22 14:30,10/28/22 15:00,10/28/22 15:30,14.07,13.4
10/28/22 14:30,10/28/22 15:00,10/28/22 15:30,10/28/22 16:00,15.12,14.4
10/28/22 15:00,10/28/22 15:30,10/28/22 16:00,10/28/22 16:30,27.95,26.62
10/28/22 15:30,10/28/22 16:00,10/28/22 16:30,10/28/22 17:00,33.87,32.26
10/28/22 16:00,10/28/22 16:30,10/28/22 17:00,10/28/22 17:30,31.5,30.0
10/28/22 16:30,10/28/22 17:00,10/28/22 17:30,10/28/22 18:00,35.8,34.09
10/28/22 17:00,10/28/22 17:30,10/28/22 18:00,10/28/22 18:30,35.8,34.09
10/28/22 17:30,10/28/22 18:00,10/28/22 18:30,10/28/22 19:00,35.8,34.09
10/28/22 18:00,10/28/22 18:30,10/28/22 19:00,10/28/22 19:30,25.42,24.21
10/28/22 18:30,10/28/22 19:00,10/28/22 19:30,10/28/22 20:00,18.06,17.2
10/28/22 19:00,10/28/22 19:30,10/28/22 20:00,10/28/22 20:30,19.95,19.0
10/28/22 19:30,10/28/22 20:00,10/28/22 20:30,10/28/22 21:00,16.4,15.62
10/28/22 20:00,10/28/22 20:30,10/28/22 21:00,10/28/22 21:30,20.16,19.2
10/28/22 20:30,10/28/22 21:00,10/28/22 21:30,10/28/22 22:00,14.45,13.76
10/28/22 21:00,10/28/22 21:30,10/28/22 22:00,10/28/22 22:30,16.8,16.0
10/28/22 21:30,10/28/22 22:00,10/28/22 22:30,10/28/22 23:00,14.03,13.36
10/28/22 22:00,10/28/22 22:30,10/28/22 23:00,10/28/22 23:30,16.8,16.0
10/28/22 22:30,10/28/22 23:00,10/28/22 23:30,10/29/22 0:00,16.17,15.4
10/28/22 23:00,10/28/22 23:30,10/29/22 0:00,10/29/22 0:30,16.17,15.4
10/28/22 23:30,10/29/22 0:00,10/29/22 0:30,10/29/22 1:00,16.13,15.36
10/29/22 0:00,10/29/22 0:30,10/29/22 1:00,10/29/22 1:30,16.59,15.8
10/29/22 0:30,10/29/22 1:00,10/29/22 1:30,10/29/22 2:00,18.44,17.56
10/29/22 1:00,10/29/22 1:30,10/29/22 2:00,10/29/22 2:30,17.81,16.96
10/29/22 1:30,10/29/22 2:00,10/29/22 2:30,10/29/22 3:00,17.79,16.94
10/29/22 2:00,10/29/22 2:30,10/29/22 3:00,10/29/22 3:30,17.05,16.24
10/29/22 2:30,10/29/22 3:00,10/29/22 3:30,10/29/22 4:00,17.33,16.5
10/29/22 3:00,10/29/22 3:30,10/29/22 4:00,10/29/22 4:30,18.9,18.0
10/29/22 3:30,10/29/22 4:00,10/29/22 4:30,10/29/22 5:00,16.76,15.96
10/29/22 4:00,10/29/22 4:30,10/29/22 5:00,10/29/22 5:30,16.74,15.94
10/29/22 4:30,10/29/22 5:00,10/29/22 5:30,10/29/22 6:00,17.58,16.74
10/29/22 5:00,10/29/22 5:30,10/29/22 6:00,10/29/22 6:30,22.68,21.6
10/29/22 5:30,10/29/22 6:00,10/29/22 6:30,10/29/22 7:00,26.04,24.8
10/29/22 6:00,10/29/22 6:30,10/29/22 7:00,10/29/22 7:30,16.17,15.4
10/29/22 6:30,10/29/22 7:00,10/29/22 7:30,10/29/22 8:00,21.67,20.64
10/29/22 7:00,10/29/22 7:30,10/29/22 8:00,10/29/22 8:30,17.09,16.28
10/29/22 7:30,10/29/22 8:00,10/29/22 8:30,10/29/22 9:00,21.96,20.91
10/29/22 8:00,10/29/22 8:30,10/29/22 9:00,10/29/22 9:30,18.96,18.06
10/29/22 8:30,10/29/22 9:00,10/29/22 9:30,10/29/22 10:00,18.35,17.48
10/29/22 9:00,10/29/22 9:30,10/29/22 10:00,10/29/22 10:30,18.27,17.4
10/29/22 9:30,10/29/22 10:00,10/29/22 10:30,10/29/22 11:00,16.59,15.8
10/29/22 10:00,10/29/22 10:30,10/29/22 11:00,10/29/22 11:30,16.59,15.8
10/29/22 10:30,10/29/22 11:00,10/29/22 11:30,10/29/22 12:00,17.6,16.76
10/29/22 11:00,10/29/22 11:30,10/29/22 12:00,10/29/22 12:30,17.6,16.76
10/29/22 11:30,10/29/22 12:00,10/29/22 12:30,10/29/22 13:00,16.8,16.0
10/29/22 12:00,10/29/22 12:30,10/29/22 13:00,10/29/22 13:30,16.17,15.4
10/29/22 12:30,10/29/22 13:00,10/29/22 13:30,10/29/22 14:00,15.96,15.2
10/29/22 13:00,10/29/22 13:30,10/29/22 14:00,10/29/22 14:30,16.17,15.4
10/29/22 13:30,10/29/22 14:00,10/29/22 14:30,10/29/22 15:00,15.75,15.0
10/29/22 14:00,10/29/22 14:30,10/29/22 15:00,10/29/22 15:30,15.75,15.0
10/29/22 14:30,10/29/22 15:00,10/29/22 15:30,10/29/22 16:00,16.25,15.48
10/29/22 15:00,10/29/22 15:30,10/29/22 16:00,10/29/22 16:30,28.77,27.4
10/29/22 15:30,10/29/22 16:00,10/29/22 16:30,10/29/22 17:00,34.65,33.0
10/29/22 16:00,10/29/22 16:30,10/29/22 17:00,10/29/22 17:30,31.19,29.7
10/29/22 16:30,10/29/22 17:00,10/29/22 17:30,10/29/22 18:00,35.8,34.09
10/29/22 17:00,10/29/22 17:30,10/29/22 18:00,10/29/22 18:30,34.9,33.24
10/29/22 17:30,10/29/22 18:00,10/29/22 18:30,10/29/22 19:00,32.59,31.04
10/29/22 18:00,10/29/22 18:30,10/29/22 19:00,10/29/22 19:30,24.74,23.56
10/29/22 18:30,10/29/22 19:00,10/29/22 19:30,10/29/22 20:00,18.9,18.0
10/29/22 19:00,10/29/22 19:30,10/29/22 20:00,10/29/22 20:30,19.95,19.0
10/29/22 19:30,10/29/22 20:00,10/29/22 20:30,10/29/22 21:00,16.68,15.89
10/29/22 20:00,10/29/22 20:30,10/29/22 21:00,10/29/22 21:30,20.71,19.72
10/29/22 20:30,10/29/22 21:00,10/29/22 21:30,10/29/22 22:00,15.5,14.76
10/29/22 21:00,10/29/22 21:30,10/29/22 22:00,10/29/22 22:30,19.24,18.32
10/29/22 21:30,10/29/22 22:00,10/29/22 22:30,10/29/22 23:00,14.91,14.2
10/29/22 22:00,10/29/22 22:30,10/29/22 23:00,10/29/22 23:30,21.32,20.3
10/29/22 22:30,10/29/22 23:00,10/29/22 23:30,10/30/22 0:00,19.15,18.24
10/29/22 23:00,10/29/22 23:30,10/30/22 0:00,10/30/22 0:30,18.48,17.6
10/29/22 23:30,10/30/22 0:00,10/30/22 0:30,10/30/22 1:00,15.54,14.8
10/30/22 0:00,10/30/22 0:30,10/30/22 1:00,10/30/22 1:30,17.47,16.64
10/30/22 0:30,10/30/22 1:00,10/30/22 1:30,10/30/22 1:00,21.84,20.8
10/30/22 1:00,10/30/22 1:30,10/30/22 1:00,10/30/22 1:30,21.5,20.48
10/30/22 1:30,10/30/22 2:00,10/30/22 1:30,10/30/22 2:00,16.76,15.96
10/30/22 2:00,10/30/22 2:30,10/30/22 2:00,10/30/22 2:30,20.16,19.2
10/30/22 2:30,10/30/22 3:00,10/30/22 2:30,10/30/22 3:00,14.45,13.76
10/30/22 3:00,10/30/22 3:30,10/30/22 3:00,10/30/22 3:30,14.95,14.24
10/30/22 3:30,10/30/22 4:00,10/30/22 3:30,10/30/22 4:00,15.31,14.58
10/30/22 4:00,10/30/22 4:30,10/30/22 4:00,10/30/22 4:30,17.85,17.0
10/30/22 4:30,10/30/22 5:00,10/30/22 4:30,10/30/22 5:00,16.59,15.8
10/30/22 5:00,10/30/22 5:30,10/30/22 5:00,10/30/22 5:30,17.81,16.96
10/30/22 5:30,10/30/22 6:00,10/30/22 5:30,10/30/22 6:00,17.91,17.06
10/30/22 6:00,10/30/22 6:30,10/30/22 6:00,10/30/22 6:30,15.46,14.72
10/30/22 6:30,10/30/22 7:00,10/30/22 6:30,10/30/22 7:00,18.75,17.86
10/30/22 7:00,10/30/22 7:30,10/30/22 7:00,10/30/22 7:30,16.8,16.0
10/30/22 7:30,10/30/22 8:00,10/30/22 7:30,10/30/22 8:00,17.66,16.82
10/30/22 8:00,10/30/22 8:30,10/30/22 8:00,10/30/22 8:30,16.8,16.0
10/30/22 8:30,10/30/22 9:00,10/30/22 8:30,10/30/22 9:00,19.05,18.14
10/30/22 9:00,10/30/22 9:30,10/30/22 9:00,10/30/22 9:30,16.74,15.94
10/30/22 9:30,10/30/22 10:00,10/30/22 9:30,10/30/22 10:00,16.3,15.52
10/30/22 10:00,10/30/22 10:30,10/30/22 10:00,10/30/22 10:30,17.45,16.62
10/30/22 10:30,10/30/22 11:00,10/30/22 10:30,10/30/22 11:00,17.81,16.96
10/30/22 11:00,10/30/22 11:30,10/30/22 11:00,10/30/22 11:30,18.48,17.6
10/30/22 11:30,10/30/22 12:00,10/30/22 11:30,10/30/22 12:00,17.22,16.4
10/30/22 12:00,10/30/22 12:30,10/30/22 12:00,10/30/22 12:30,19.19,18.28
10/30/22 12:30,10/30/22 13:00,10/30/22 12:30,10/30/22 13:00,17.49,16.66
10/30/22 13:00,10/30/22 13:30,10/30/22 13:00,10/30/22 13:30,22.26,21.2
10/30/22 13:30,10/30/22 14:00,10/30/22 13:30,10/30/22 14:00,17.81,16.96
10/30/22 14:00,10/30/22 14:30,10/30/22 14:00,10/30/22 14:30,21.04,20.04
10/30/22 14:30,10/30/22 15:00,10/30/22 14:30,10/30/22 15:00,17.91,17.06
10/30/22 15:00,10/30/22 15:30,10/30/22 15:00,10/30/22 15:30,22.26,21.2
10/30/22 15:30,10/30/22 16:00,10/30/22 15:30,10/30/22 16:00,26.25,25.0
10/30/22 16:00,10/30/22 16:30,10/30/22 16:00,10/30/22 16:30,35.78,34.08
10/30/22 16:30,10/30/22 17:00,10/30/22 16:30,10/30/22 17:00,35.8,34.09
10/30/22 17:00,10/30/22 17:30,10/30/22 17:00,10/30/22 17:30,35.8,34.09
10/30/22 17:30,10/30/22 18:00,10/30/22 17:30,10/30/22 18:00,35.8,34.09
10/30/22 18:00,10/30/22 18:30,10/30/22 18:00,10/30/22 18:30,35.8,34.09
10/30/22 18:30,10/30/22 19:00,10/30/22 18:30,10/30/22 19:00,35.8,34.09
10/30/22 19:00,10/30/22 19:30,10/30/22 19:00,10/30/22 19:30,29.57,28.16
10/30/22 19:30,10/30/22 20:00,10/30/22 19:30,10/30/22 20:00,21.0,20.0
10/30/22 20:00,10/30/22 20:30,10/30/22 20:00,10/30/22 20:30,26.21,24.96
10/30/22 20:30,10/30/22 21:00,10/30/22 20:30,10/30/22 21:00,19.95,19.0
10/30/22 21:00,10/30/22 21:30,10/30/22 21:00,10/30/22 21:30,26.25,25.0
10/30/22 21:30,10/30/22 22:00,10/30/22 21:30,10/30/22 22:00,18.1,17.24
10/30/22 22:00,10/30/22 22:30,10/30/22 22:00,10/30/22 22:30,26.63,25.36
10/30/22 22:30,10/30/22 23:00,10/30/22 22:30,10/30/22 23:00,11.59,11.04
10/30/22 23:00,10/30/22 23:30,10/30/22 23:00,10/30/22 23:30,20.12,19.16
10/30/22 23:30,10/31/22 0:00,10/30/22 23:30,10/31/22 0:00,22.03,20.98
10/31/22 0:00,10/31/22 0:30,10/31/22 0:00,10/31/22 0:30,20.58,19.6
10/31/22 0:30,10/31/22 1:00,10/31/22 0:30,10/31/22 1:00,21.86,20.82
10/31/22 1:00,10/31/22 1:30,10/31/22 1:00,10/31/22 1:30,22.11,21.06
10/31/22 1:30,10/31/22 2:00,10/31/22 1:30,10/31/22 2:00,21.0,20.0
10/31/22 2:00,10/31/22 2:30,10/31/22 2:00,10/31/22 2:30,20.81,19.82
10/31/22 2:30,10/31/22 3:00,10/31/22 2:30,10/31/22 3:00,20.58,19.6
10/31/22 3:00,10/31/22 3:30,10/31/22 3:00,10/31/22 3:30,19.95,19.0
10/31/22 3:30,10/31/22 4:00,10/31/22 3:30,10/31/22 4:00,15.54,14.8
10/31/22 4:00,10/31/22 4:30,10/31/22 4:00,10/31/22 4:30,18.9,18.0
10/31/22 4:30,10/31/22 5:00,10/31/22 4:30,10/31/22 5:00,17.64,16.8
10/31/22 5:00,10/31/22 5:30,10/31/22 5:00,10/31/22 5:30,21.5,20.48
10/31/22 5:30,10/31/22 6:00,10/31/22 5:30,10/31/22 6:00,22.34,21.28
10/31/22 6:00,10/31/22 6:30,10/31/22 6:00,10/31/22 6:30,22.68,21.6
10/31/22 6:30,10/31/22 7:00,10/31/22 6:30,10/31/22 7:00,21.63,20.6
10/31/22 7:00,10/31/22 7:30,10/31/22 7:00,10/31/22 7:30,19.97,19.02
10/31/22 7:30,10/31/22 8:00,10/31/22 7:30,10/31/22 8:00,26.88,25.6
10/31/22 8:00,10/31/22 8:30,10/31/22 8:00,10/31/22 8:30,23.48,22.36
10/31/22 8:30,10/31/22 9:00,10/31/22 8:30,10/31/22 9:00,27.55,26.24
10/31/22 9:00,10/31/22 9:30,10/31/22 9:00,10/31/22 9:30,23.73,22.6
10/31/22 9:30,10/31/22 10:00,10/31/22 9:30,10/31/22 10:00,22.56,21.49
10/31/22 10:00,10/31/22 10:30,10/31/22 10:00,10/31/22 10:30,22.55,21.48
10/31/22 10:30,10/31/22 11:00,10/31/22 10:30,10/31/22 11:00,22.45,21.38
10/31/22 11:00,10/31/22 11:30,10/31/22 11:00,10/31/22 11:30,24.28,23.12
10/31/22 11:30,10/31/22 12:00,10/31/22 11:30,10/31/22 12:00,24.86,23.68
10/31/22 12:00,10/31/22 12:30,10/31/22 12:00,10/31/22 12:30,26.04,24.8
10/31/22 12:30,10/31/22 13:00,10/31/22 12:30,10/31/22 13:00,26.21,24.96
10/31/22 13:00,10/31/22 13:30,10/31/22 13:00,10/31/22 13:30,27.57,26.26
10/31/22 13:30,10/31/22 14:00,10/31/22 13:30,10/31/22 14:00,26.04,24.8
10/31/22 14:00,10/31/22 14:30,10/31/22 14:00,10/31/22 14:30,27.59,26.28
10/31/22 14:30,10/31/22 15:00,10/31/22 14:30,10/31/22 15:00,27.36,26.06
10/31/22 15:00,10/31/22 15:30,10/31/22 15:00,10/31/22 15:30,27.41,26.1
10/31/22 15:30,10/31/22 16:00,10/31/22 15:30,10/31/22 16:00,34.02,32.4
10/31/22 16:00,10/31/22 16:30,10/31/22 16:00,10/31/22 16:30,35.8,34.09
10/31/22 16:30,10/31/22 17:00,10/31/22 16:30,10/31/22 17:00,36.75,35.0
10/31/22 17:00,10/31/22 17:30,10/31/22 17:00,10/31/22 17:30,35.8,34.09
10/31/22 17:30,10/31/22 18:00,10/31/22 17:30,10/31/22 18:00,35.8,34.09
10/31/22 18:00,10/31/22 18:30,10/31/22 18:00,10/31/22 18:30,35.8,34.09
10/31/22 18:30,10/31/22 19:00,10/31/22 18:30,10/31/22 19:00,35.8,34.09
10/31/22 19:00,10/31/22 19:30,10/31/22 19:00,10/31/22 19:30,28.46,27.1
10/31/22 19:30,10/31/22 20:00,10/31/22 19:30,10/31/22 20:00,27.55,26.24
10/31/22 20:00,10/31/22 20:30,10/31/22 20:00,10/31/22 20:30,26.36,25.1
10/31/22 20:30,10/31/22 21:00,10/31/22 20:30,10/31/22 21:00,24.57,23.4
10/31/22 21:00,10/31/22 21:30,10/31/22 21:00,10/31/22 21:30,26.21,24.96
10/31/22 21:30,10/31/22 22:00,10/31/22 21:30,10/31/22 22:00,21.82,20.78
10/31/22 22:00,10/31/22 22:30,10/31/22 22:00,10/31/22 22:30,23.94,22.8
10/31/22 22:30,10/31/22 23:00,10/31/22 22:30,10/31/22 23:00,19.97,19.02
10/31/22 23:00,10/31/22 23:30,10/31/22 23:00,10/31/22 23:30,18.17,17.3
10/31/22 23:30,11/1/22 0:00,10/31/22 23:30,11/1/22 0:00,16.41,15.63
11/1/22 0:00,11/1/22 0:30,11/1/22 0:00,11/1/22 0:30,11.47,10.92
11/1/22 0:30,11/1/22 1:00,11/1/22 0:30,11/1/22 1:00,16.8,16.0
11/1/22 1:00,11/1/22 1:30,11/1/22 1:00,11/1/22 1:30,16.4,15.62
11/1/22 1:30,11/1/22 2:00,11/1/22 1:30,11/1/22 2:00,12.25,11.67
11/1/22 2:00,11/1/22 2:30,11/1/22 2:00,11/1/22 2:30,11.18,10.65
11/1/22 2:30,11/1/22 3:00,11/1/22 2:30,11/1/22 3:00,8.84,8.42
11/1/22 3:00,11/1/22 3:30,11/1/22 3:00,11/1/22 3:30,11.28,10.74
11/1/22 3:30,11/1/22 4:00,11/1/22 3:30,11/1/22 4:00,9.01,8.58
11/1/22 4:00,11/1/22 4:30,11/1/22 4:00,11/1/22 4:30,11.32,10.78
11/1/22 4:30,11/1/22 5:00,11/1/22 4:30,11/1/22 5:00,9.83,9.36
11/1/22 5:00,11/1/22 5:30,11/1/22 5:00,11/1/22 5:30,11.05,10.52
11/1/22 5:30,11/1/22 6:00,11/1/22 5:30,11/1/22 6:00,13.46,12.82
11/1/22 6:00,11/1/22 6:30,11/1/22 6:00,11/1/22 6:30,16.04,15.28
11/1/22 6:30,11/1/22 7:00,11/1/22 6:30,11/1/22 7:00,17.87,17.02
11/1/22 7:00,11/1/22 7:30,11/1/22 7:00,11/1/22 7:30,17.33,16.5
11/1/22 7:30,11/1/22 8:00,11/1/22 7:30,11/1/22 8:00,20.2,19.24
11/1/22 8:00,11/1/22 8:30,11/1/22 8:00,11/1/22 8:30,19.09,18.18
11/1/22 8:30,11/1/22 9:00,11/1/22 8:30,11/1/22 9:00,20.58,19.6
11/1/22 9:00,11/1/22 9:30,11/1/22 9:00,11/1/22 9:30,20.56,19.58
11/1/22 9:30,11/1/22 10:00,11/1/22 9:30,11/1/22 10:00,17.72,16.88
11/1/22 10:00,11/1/22 10:30,11/1/22 10:00,11/1/22 10:30,18.0,17.14
11/1/22 10:30,11/1/22 11:00,11/1/22 10:30,11/1/22 11:00,17.33,16.5
11/1/22 11:00,11/1/22 11:30,11/1/22 11:00,11/1/22 11:30,16.38,15.6
11/1/22 11:30,11/1/22 12:00,11/1/22 11:30,11/1/22 12:00,16.38,15.6
11/1/22 12:00,11/1/22 12:30,11/1/22 12:00,11/1/22 12:30,16.38,15.6
11/1/22 12:30,11/1/22 13:00,11/1/22 12:30,11/1/22 13:00,16.38,15.6
11/1/22 13:00,11/1/22 13:30,11/1/22 13:00,11/1/22 13:30,17.41,16.58
11/1/22 13:30,11/1/22 14:00,11/1/22 13:30,11/1/22 14:00,17.75,16.9
11/1/22 14:00,11/1/22 14:30,11/1/22 14:00,11/1/22 14:30,18.2,17.33
11/1/22 14:30,11/1/22 15:00,11/1/22 14:30,11/1/22 15:00,19.3,18.38
11/1/22 15:00,11/1/22 15:30,11/1/22 15:00,11/1/22 15:30,20.14,19.18
11/1/22 15:30,11/1/22 16:00,11/1/22 15:30,11/1/22 16:00,21.48,20.46
11/1/22 16:00,11/1/22 16:30,11/1/22 16:00,11/1/22 16:30,30.14,28.7
11/1/22 16:30,11/1/22 17:00,11/1/22 16:30,11/1/22 17:00,35.8,34.09
11/1/22 17:00,11/1/22 17:30,11/1/22 17:00,11/1/22 17:30,35.8,34.09
11/1/22 17:30,11/1/22 18:00,11/1/22 17:30,11/1/22 18:00,35.8,34.09
11/1/22 18:00,11/1/22 18:30,11/1/22 18:00,11/1/22 18:30,35.8,34.09
11/1/22 18:30,11/1/22 19:00,11/1/22 18:30,11/1/22 19:00,35.45,33.76
11/1/22 19:00,11/1/22 19:30,11/1/22 19:00,11/1/22 19:30,22.91,21.82
11/1/22 19:30,11/1/22 20:00,11/1/22 19:30,11/1/22 20:00,17.33,16.5
11/1/22 20:00,11/1/22 20:30,11/1/22 20:00,11/1/22 20:30,17.75,16.9
11/1/22 20:30,11/1/22 21:00,11/1/22 20:30,11/1/22 21:00,16.8,16.0
11/1/22 21:00,11/1/22 21:30,11/1/22 21:00,11/1/22 21:30,18.35,17.48
11/1/22 21:30,11/1/22 22:00,11/1/22 21:30,11/1/22 22:00,15.31,14.58
11/1/22 22:00,11/1/22 22:30,11/1/22 22:00,11/1/22 22:30,18.48,17.6
11/1/22 22:30,11/1/22 23:00,11/1/22 22:30,11/1/22 23:00,15.16,14.44
11/1/22 23:00,11/1/22 23:30,11/1/22 23:00,11/1/22 23:30,13.8,13.14
11/1/22 23:30,11/2/22 0:00,11/1/22 23:30,11/2/22 0:00,12.6,12.0
11/2/22 0:00,11/2/22 0:30,11/2/22 0:00,11/2/22 0:30,11.63,11.08
11/2/22 0:30,11/2/22 1:00,11/2/22 0:30,11/2/22 1:00,12.12,11.54
11/2/22 1:00,11/2/22 1:30,11/2/22 1:00,11/2/22 1:30,11.53,10.98
11/2/22 1:30,11/2/22 2:00,11/2/22 1:30,11/2/22 2:00,9.24,8.8
11/2/22 2:00,11/2/22 2:30,11/2/22 2:00,11/2/22 2:30,9.56,9.1
11/2/22 2:30,11/2/22 3:00,11/2/22 2:30,11/2/22 3:00,8.32,7.92
11/2/22 3:00,11/2/22 3:30,11/2/22 3:00,11/2/22 3:30,6.74,6.42
11/2/22 3:30,11/2/22 4:00,11/2/22 3:30,11/2/22 4:00,6.74,6.42
11/2/22 4:00,11/2/22 4:30,11/2/22 4:00,11/2/22 4:30,7.81,7.44
11/2/22 4:30,11/2/22 5:00,11/2/22 4:30,11/2/22 5:00,9.11,8.68
11/2/22 5:00,11/2/22 5:30,11/2/22 5:00,11/2/22 5:30,9.65,9.19
11/2/22 5:30,11/2/22 6:00,11/2/22 5:30,11/2/22 6:00,14.22,13.54
11/2/22 6:00,11/2/22 6:30,11/2/22 6:00,11/2/22 6:30,18.9,18.0
11/2/22 6:30,11/2/22 7:00,11/2/22 6:30,11/2/22 7:00,26.04,24.8
11/2/22 7:00,11/2/22 7:30,11/2/22 7:00,11/2/22 7:30,18.29,17.42
11/2/22 7:30,11/2/22 8:00,11/2/22 7:30,11/2/22 8:00,24.15,23.0
11/2/22 8:00,11/2/22 8:30,11/2/22 8:00,11/2/22 8:30,21.0,20.0
11/2/22 8:30,11/2/22 9:00,11/2/22 8:30,11/2/22 9:00,19.74,18.8
11/2/22 9:00,11/2/22 9:30,11/2/22 9:00,11/2/22 9:30,18.9,18.0
11/2/22 9:30,11/2/22 10:00,11/2/22 9:30,11/2/22 10:00,14.72,14.02
11/2/22 10:00,11/2/22 10:30,11/2/22 10:00,11/2/22 10:30,15.46,14.72
11/2/22 10:30,11/2/22 11:00,11/2/22 10:30,11/2/22 11:00,14.53,13.84
11/2/22 11:00,11/2/22 11:30,11/2/22 11:00,11/2/22 11:30,14.49,13.8
11/2/22 11:30,11/2/22 12:00,11/2/22 11:30,11/2/22 12:00,13.17,12.54
11/2/22 12:00,11/2/22 12:30,11/2/22 12:00,11/2/22 12:30,13.36,12.72
11/2/22 12:30,11/2/22 13:00,11/2/22 12:30,11/2/22 13:00,13.44,12.8
11/2/22 13:00,11/2/22 13:30,11/2/22 13:00,11/2/22 13:30,14.53,13.84
11/2/22 13:30,11/2/22 14:00,11/2/22 13:30,11/2/22 14:00,14.53,13.84
11/2/22 14:00,11/2/22 14:30,11/2/22 14:00,11/2/22 14:30,16.8,16.0
11/2/22 14:30,11/2/22 15:00,11/2/22 14:30,11/2/22 15:00,16.95,16.14
11/2/22 15:00,11/2/22 15:30,11/2/22 15:00,11/2/22 15:30,16.95,16.14
11/2/22 15:30,11/2/22 16:00,11/2/22 15:30,11/2/22 16:00,18.9,18.0
11/2/22 16:00,11/2/22 16:30,11/2/22 16:00,11/2/22 16:30,29.67,28.26
11/2/22 16:30,11/2/22 17:00,11/2/22 16:30,11/2/22 17:00,35.8,34.09
11/2/22 17:00,11/2/22 17:30,11/2/22 17:00,11/2/22 17:30,35.8,34.09
11/2/22 17:30,11/2/22 18:00,11/2/22 17:30,11/2/22 18:00,35.8,34.09
11/2/22 18:00,11/2/22 18:30,11/2/22 18:00,11/2/22 18:30,35.45,33.76
11/2/22 18:30,11/2/22 19:00,11/2/22 18:30,11/2/22 19:00,32.11,30.58
11/2/22 19:00,11/2/22 19:30,11/2/22 19:00,11/2/22 19:30,18.9,18.0
11/2/22 19:30,11/2/22 20:00,11/2/22 19:30,11/2/22 20:00,18.9,18.0
11/2/22 20:00,11/2/22 20:30,11/2/22 20:00,11/2/22 20:30,18.9,18.0
11/2/22 20:30,11/2/22 21:00,11/2/22 20:30,11/2/22 21:00,17.49,16.66
11/2/22 21:00,11/2/22 21:30,11/2/22 21:00,11/2/22 21:30,16.95,16.14
11/2/22 21:30,11/2/22 22:00,11/2/22 21:30,11/2/22 22:00,16.36,15.58
11/2/22 22:00,11/2/22 22:30,11/2/22 22:00,11/2/22 22:30,17.64,16.8
11/2/22 22:30,11/2/22 23:00,11/2/22 22:30,11/2/22 23:00,13.46,12.82
11/2/22 23:00,11/2/22 23:30,11/2/22 23:00,11/2/22 23:30,12.6,12.0
11/2/22 23:30,11/3/22 0:00,11/2/22 23:30,11/3/22 0:00,6.3,6.0
11/3/22 0:00,11/3/22 0:30,11/3/22 0:00,11/3/22 0:30,9.03,8.6
11/3/22 0:30,11/3/22 1:00,11/3/22 0:30,11/3/22 1:00,12.6,12.0
11/3/22 1:00,11/3/22 1:30,11/3/22 1:00,11/3/22 1:30,7.35,7.0
11/3/22 1:30,11/3/22 2:00,11/3/22 1:30,11/3/22 2:00,8.78,8.36
11/3/22 2:00,11/3/22 2:30,11/3/22 2:00,11/3/22 2:30,5.69,5.42
11/3/22 2:30,11/3/22 3:00,11/3/22 2:30,11/3/22 3:00,8.4,8.0
11/3/22 3:00,11/3/22 3:30,11/3/22 3:00,11/3/22 3:30,7.64,7.28
11/3/22 3:30,11/3/22 4:00,11/3/22 3:30,11/3/22 4:00,10.75,10.24
11/3/22 4:00,11/3/22 4:30,11/3/22 4:00,11/3/22 4:30,11.55,11.0
11/3/22 4:30,11/3/22 5:00,11/3/22 4:30,11/3/22 5:00,13.1,12.48
11/3/22 5:00,11/3/22 5:30,11/3/22 5:00,11/3/22 5:30,19.11,18.2
11/3/22 5:30,11/3/22 6:00,11/3/22 5:30,11/3/22 6:00,18.06,17.2
11/3/22 6:00,11/3/22 6:30,11/3/22 6:00,11/3/22 6:30,20.73,19.74
11/3/22 6:30,11/3/22 7:00,11/3/22 6:30,11/3/22 7:00,19.82,18.88
11/3/22 7:00,11/3/22 7:30,11/3/22 7:00,11/3/22 7:30,20.43,19.46
11/3/22 7:30,11/3/22 8:00,11/3/22 7:30,11/3/22 8:00,23.65,22.52
11/3/22 8:00,11/3/22 8:30,11/3/22 8:00,11/3/22 8:30,20.24,19.28
11/3/22 8:30,11/3/22 9:00,11/3/22 8:30,11/3/22 9:00,21.84,20.8
11/3/22 9:00,11/3/22 9:30,11/3/22 9:00,11/3/22 9:30,22.18,21.12
11/3/22 9:30,11/3/22 10:00,11/3/22 9:30,11/3/22 10:00,23.52,22.4
11/3/22 10:00,11/3/22 10:30,11/3/22 10:00,11/3/22 10:30,23.1,22.0
11/3/22 10:30,11/3/22 11:00,11/3/22 10:30,11/3/22 11:00,24.19,23.04
11/3/22 11:00,11/3/22 11:30,11/3/22 11:00,11/3/22 11:30,23.27,22.16
11/3/22 11:30,11/3/22 12:00,11/3/22 11:30,11/3/22 12:00,23.31,22.2
11/3/22 12:00,11/3/22 12:30,11/3/22 12:00,11/3/22 12:30,23.08,21.98
11/3/22 12:30,11/3/22 13:00,11/3/22 12:30,11/3/22 13:00,23.08,21.98
11/3/22 13:00,11/3/22 13:30,11/3/22 13:00,11/3/22 13:30,25.2,24.0
11/3/22 13:30,11/3/22 14:00,11/3/22 13:30,11/3/22 14:00,23.31,22.2
11/3/22 14:00,11/3/22 14:30,11/3/22 14:00,11/3/22 14:30,26.59,25.32
11/3/22 14:30,11/3/22 15:00,11/3/22 14:30,11/3/22 15:00,23.94,22.8
11/3/22 15:00,11/3/22 15:30,11/3/22 15:00,11/3/22 15:30,23.86,22.72
11/3/22 15:30,11/3/22 16:00,11/3/22 15:30,11/3/22 16:00,27.57,26.26
11/3/22 16:00,11/3/22 16:30,11/3/22 16:00,11/3/22 16:30,35.8,34.09
11/3/22 16:30,11/3/22 17:00,11/3/22 16:30,11/3/22 17:00,35.8,34.09
11/3/22 17:00,11/3/22 17:30,11/3/22 17:00,11/3/22 17:30,35.8,34.09
11/3/22 17:30,11/3/22 18:00,11/3/22 17:30,11/3/22 18:00,35.8,34.09
11/3/22 18:00,11/3/22 18:30,11/3/22 18:00,11/3/22 18:30,35.8,34.09
11/3/22 18:30,11/3/22 19:00,11/3/22 18:30,11/3/22 19:00,35.8,34.09
11/3/22 19:00,11/3/22 19:30,11/3/22 19:00,11/3/22 19:30,31.5,30.0
11/3/22 19:30,11/3/22 20:00,11/3/22 19:30,11/3/22 20:00,23.31,22.2
11/3/22 20:00,11/3/22 20:30,11/3/22 20:00,11/3/22 20:30,25.41,24.2
11/3/22 20:30,11/3/22 21:00,11/3/22 20:30,11/3/22 21:00,23.1,22.0
11/3/22 21:00,11/3/22 21:30,11/3/22 21:00,11/3/22 21:30,23.1,22.0
11/3/22 21:30,11/3/22 22:00,11/3/22 21:30,11/3/22 22:00,20.77,19.78
11/3/22 22:00,11/3/22 22:30,11/3/22 22:00,11/3/22 22:30,24.15,23.0
11/3/22 22:30,11/3/22 23:00,11/3/22 22:30,11/3/22 23:00,19.32,18.4
11/3/22 23:00,11/3/22 23:30,11/3/22 23:00,11/3/22 23:30,29.44,28.04
11/3/22 23:30,11/4/22 0:00,11/3/22 23:30,11/4/22 0:00,31.08,29.6
11/4/22 0:00,11/4/22 0:30,11/4/22 0:00,11/4/22 0:30,30.26,28.82
11/4/22 0:30,11/4/22 1:00,11/4/22 0:30,11/4/22 1:00,33.6,32.0
11/4/22 1:00,11/4/22 1:30,11/4/22 1:00,11/4/22 1:30,30.05,28.62
11/4/22 1:30,11/4/22 2:00,11/4/22 1:30,11/4/22 2:00,25.35,24.14
11/4/22 2:00,11/4/22 2:30,11/4/22 2:00,11/4/22 2:30,28.27,26.92
11/4/22 2:30,11/4/22 3:00,11/4/22 2:30,11/4/22 3:00,23.31,22.2
11/4/22 3:00,11/4/22 3:30,11/4/22 3:00,11/4/22 3:30,27.93,26.6
11/4/22 3:30,11/4/22 4:00,11/4/22 3:30,11/4/22 4:00,22.26,21.2
11/4/22 4:00,11/4/22 4:30,11/4/22 4:00,11/4/22 4:30,27.64,26.32
11/4/22 4:30,11/4/22 5:00,11/4/22 4:30,11/4/22 5:00,22.85,21.76
11/4/22 5:00,11/4/22 5:30,11/4/22 5:00,11/4/22 5:30,32.08,30.55
11/4/22 5:30,11/4/22 6:00,11/4/22 5:30,11/4/22 6:00,31.08,29.6
11/4/22 6:00,11/4/22 6:30,11/4/22 6:00,11/4/22 6:30,32.72,31.16
11/4/22 6:30,11/4/22 7:00,11/4/22 6:30,11/4/22 7:00,33.81,32.2
11/4/22 7:00,11/4/22 7:30,11/4/22 7:00,11/4/22 7:30,32.91,31.34
11/4/22 7:30,11/4/22 8:00,11/4/22 7:30,11/4/22 8:00,35.8,34.09
11/4/22 8:00,11/4/22 8:30,11/4/22 8:00,11/4/22 8:30,35.8,34.09
11/4/22 8:30,11/4/22 9:00,11/4/22 8:30,11/4/22 9:00,34.94,33.28
11/4/22 9:00,11/4/22 9:30,11/4/22 9:00,11/4/22 9:30,34.61,32.96
11/4/22 9:30,11/4/22 10:00,11/4/22 9:30,11/4/22 10:00,28.14,26.8
11/4/22 10:00,11/4/22 10:30,11/4/22 10:00,11/4/22 10:30,31.06,29.58
11/4/22 10:30,11/4/22 11:00,11/4/22 10:30,11/4/22 11:00,27.93,26.6
11/4/22 11:00,11/4/22 11:30,11/4/22 11:00,11/4/22 11:30,29.55,28.14
11/4/22 11:30,11/4/22 12:00,11/4/22 11:30,11/4/22 12:00,29.19,27.8
11/4/22 12:00,11/4/22 12:30,11/4/22 12:00,11/4/22 12:30,30.7,29.24
11/4/22 12:30,11/4/22 13:00,11/4/22 12:30,11/4/22 13:00,33.6,32.0
11/4/22 13:00,11/4/22 13:30,11/4/22 13:00,11/4/22 13:30,27.51,26.2
11/4/22 13:30,11/4/22 14:00,11/4/22 13:30,11/4/22 14:00,30.6,29.14
11/4/22 14:00,11/4/22 14:30,11/4/22 14:00,11/4/22 14:30,33.26,31.68
11/4/22 14:30,11/4/22 15:00,11/4/22 14:30,11/4/22 15:00,27.51,26.2
11/4/22 15:00,11/4/22 15:30,11/4/22 15:00,11/4/22 15:30,33.12,31.54
11/4/22 15:30,11/4/22 16:00,11/4/22 15:30,11/4/22 16:00,35.8,34.09
11/4/22 16:00,11/4/22 16:30,11/4/22 16:00,11/4/22 16:30,35.8,34.09
11/4/22 16:30,11/4/22 17:00,11/4/22 16:30,11/4/22 17:00,37.15,35.38
11/4/22 17:00,11/4/22 17:30,11/4/22 17:00,11/4/22 17:30,37.15,35.38
11/4/22 17:30,11/4/22 18:00,11/4/22 17:30,11/4/22 18:00,37.15,35.38
11/4/22 18:00,11/4/22 18:30,11/4/22 18:00,11/4/22 18:30,37.15,35.38
11/4/22 18:30,11/4/22 19:00,11/4/22 18:30,11/4/22 19:00,35.8,34.09
11/4/22 19:00,11/4/22 19:30,11/4/22 19:00,11/4/22 19:30,35.8,34.09
11/4/22 19:30,11/4/22 20:00,11/4/22 19:30,11/4/22 20:00,29.4,28.0
11/4/22 20:00,11/4/22 20:30,11/4/22 20:00,11/4/22 20:30,34.86,33.2
11/4/22 20:30,11/4/22 21:00,11/4/22 20:30,11/4/22 21:00,32.89,31.32
11/4/22 21:00,11/4/22 21:30,11/4/22 21:00,11/4/22 21:30,31.1,29.62
11/4/22 21:30,11/4/22 22:00,11/4/22 21:30,11/4/22 22:00,31.48,29.98
11/4/22 22:00,11/4/22 22:30,11/4/22 22:00,11/4/22 22:30,30.45,29.0
11/4/22 22:30,11/4/22 23:00,11/4/22 22:30,11/4/22 23:00,30.2,28.76
11/4/22 23:00,11/4/22 23:30,11/4/22 23:00,11/4/22 23:30,25.2,24.0
11/4/22 23:30,11/5/22 0:00,11/4/22 23:30,11/5/22 0:00,24.3,23.14
11/5/22 0:00,11/5/22 0:30,11/5/22 0:00,11/5/22 0:30,22.26,21.2
11/5/22 0:30,11/5/22 1:00,11/5/22 0:30,11/5/22 1:00,24.99,23.8
11/5/22 1:00,11/5/22 1:30,11/5/22 1:00,11/5/22 1:30,23.94,22.8
11/5/22 1:30,11/5/22 2:00,11/5/22 1:30,11/5/22 2:00,21.04,20.04
11/5/22 2:00,11/5/22 2:30,11/5/22 2:00,11/5/22 2:30,21.04,20.04
11/5/22 2:30,11/5/22 3:00,11/5/22 2:30,11/5/22 3:00,21.0,20.0
11/5/22 3:00,11/5/22 3:30,11/5/22 3:00,11/5/22 3:30,21.0,20.0
11/5/22 3:30,11/5/22 4:00,11/5/22 3:30,11/5/22 4:00,21.0,20.0
11/5/22 4:00,11/5/22 4:30,11/5/22 4:00,11/5/22 4:30,21.0,20.0
11/5/22 4:30,11/5/22 5:00,11/5/22 4:30,11/5/22 5:00,21.0,20.0
11/5/22 5:00,11/5/22 5:30,11/5/22 5:00,11/5/22 5:30,23.96,22.82
11/5/22 5:30,11/5/22 6:00,11/5/22 5:30,11/5/22 6:00,23.1,22.0
11/5/22 6:00,11/5/22 6:30,11/5/22 6:00,11/5/22 6:30,22.85,21.76
11/5/22 6:30,11/5/22 7:00,11/5/22 6:30,11/5/22 7:00,25.49,24.28
11/5/22 7:00,11/5/22 7:30,11/5/22 7:00,11/5/22 7:30,24.99,23.8
11/5/22 7:30,11/5/22 8:00,11/5/22 7:30,11/5/22 8:00,27.3,26.0
11/5/22 8:00,11/5/22 8:30,11/5/22 8:00,11/5/22 8:30,24.99,23.8
11/5/22 8:30,11/5/22 9:00,11/5/22 8:30,11/5/22 9:00,26.67,25.4
11/5/22 9:00,11/5/22 9:30,11/5/22 9:00,11/5/22 9:30,27.3,26.0
11/5/22 9:30,11/5/22 10:00,11/5/22 9:30,11/5/22 10:00,28.58,27.22
11/5/22 10:00,11/5/22 10:30,11/5/22 10:00,11/5/22 10:30,27.34,26.04
11/5/22 10:30,11/5/22 11:00,11/5/22 10:30,11/5/22 11:00,26.46,25.2
11/5/22 11:00,11/5/22 11:30,11/5/22 11:00,11/5/22 11:30,24.99,23.8
11/5/22 11:30,11/5/22 12:00,11/5/22 11:30,11/5/22 12:00,24.19,23.04
11/5/22 12:00,11/5/22 12:30,11/5/22 12:00,11/5/22 12:30,23.16,22.06
11/5/22 12:30,11/5/22 13:00,11/5/22 12:30,11/5/22 13:00,23.16,22.06
11/5/22 13:00,11/5/22 13:30,11/5/22 13:00,11/5/22 13:30,23.52,22.4
11/5/22 13:30,11/5/22 14:00,11/5/22 13:30,11/5/22 14:00,22.51,21.44
11/5/22 14:00,11/5/22 14:30,11/5/22 14:00,11/5/22 14:30,24.32,23.16
11/5/22 14:30,11/5/22 15:00,11/5/22 14:30,11/5/22 15:00,25.56,24.34
11/5/22 15:00,11/5/22 15:30,11/5/22 15:00,11/5/22 15:30,22.68,21.6
11/5/22 15:30,11/5/22 16:00,11/5/22 15:30,11/5/22 16:00,24.82,23.64
11/5/22 16:00,11/5/22 16:30,11/5/22 16:00,11/5/22 16:30,34.46,32.82
11/5/22 16:30,11/5/22 17:00,11/5/22 16:30,11/5/22 17:00,35.8,34.09
11/5/22 17:00,11/5/22 17:30,11/5/22 17:00,11/5/22 17:30,35.8,34.09
11/5/22 17:30,11/5/22 18:00,11/5/22 17:30,11/5/22 18:00,35.8,34.09
11/5/22 18:00,11/5/22 18:30,11/5/22 18:00,11/5/22 18:30,35.8,34.09
11/5/22 18:30,11/5/22 19:00,11/5/22 18:30,11/5/22 19:00,35.8,34.09
11/5/22 19:00,11/5/22 19:30,11/5/22 19:00,11/5/22 19:30,23.52,22.4
11/5/22 19:30,11/5/22 20:00,11/5/22 19:30,11/5/22 20:00,21.17,20.16
11/5/22 20:00,11/5/22 20:30,11/5/22 20:00,11/5/22 20:30,21.46,20.44
11/5/22 20:30,11/5/22 21:00,11/5/22 20:30,11/5/22 21:00,23.21,22.1
11/5/22 21:00,11/5/22 21:30,11/5/22 21:00,11/5/22 21:30,23.58,22.46
11/5/22 21:30,11/5/22 22:00,11/5/22 21:30,11/5/22 22:00,22.45,21.38
11/5/22 22:00,11/5/22 22:30,11/5/22 22:00,11/5/22 22:30,23.18,22.08
11/5/22 22:30,11/5/22 23:00,11/5/22 22:30,11/5/22 23:00,18.98,18.08
11/5/22 23:00,11/5/22 23:30,11/5/22 23:00,11/5/22 23:30,24.38,23.22
11/5/22 23:30,11/6/22 0:00,11/5/22 23:30,11/6/22 0:00,22.05,21.0
11/6/22 0:00,11/6/22 0:30,11/6/22 0:00,11/6/22 0:30,18.81,17.91
11/6/22 0:30,11/6/22 1:00,11/6/22 0:30,11/6/22 1:00,21.55,20.52
11/6/22 1:00,11/6/22 1:30,11/6/22 1:00,11/6/22 1:30,20.16,19.2
11/6/22 1:30,11/6/22 2:00,11/6/22 1:30,11/6/22 2:00,18.9,18.0
11/6/22 2:00,11/6/22 2:30,11/6/22 2:00,11/6/22 2:30,20.79,19.8
11/6/22 2:30,11/6/22 3:00,11/6/22 2:30,11/6/22 3:00,17.37,16.54
11/6/22 3:00,11/6/22 3:30,11/6/22 3:00,11/6/22 3:30,17.81,16.96
11/6/22 3:30,11/6/22 4:00,11/6/22 3:30,11/6/22 4:00,14.7,14.0
11/6/22 4:00,11/6/22 4:30,11/6/22 4:00,11/6/22 4:30,17.85,17.0
11/6/22 4:30,11/6/22 5:00,11/6/22 4:30,11/6/22 5:00,14.7,14.0
11/6/22 5:00,11/6/22 5:30,11/6/22 5:00,11/6/22 5:30,16.8,16.0
11/6/22 5:30,11/6/22 6:00,11/6/22 5:30,11/6/22 6:00,17.85,17.0
11/6/22 6:00,11/6/22 6:30,11/6/22 6:00,11/6/22 6:30,16.46,15.68
11/6/22 6:30,11/6/22 7:00,11/6/22 6:30,11/6/22 7:00,22.17,21.11
11/6/22 7:00,11/6/22 7:30,11/6/22 7:00,11/6/22 7:30,17.85,17.0
11/6/22 7:30,11/6/22 8:00,11/6/22 7:30,11/6/22 8:00,18.9,18.0
11/6/22 8:00,11/6/22 8:30,11/6/22 8:00,11/6/22 8:30,19.26,18.34
11/6/22 8:30,11/6/22 9:00,11/6/22 8:30,11/6/22 9:00,28.08,26.74
11/6/22 9:00,11/6/22 9:30,11/6/22 9:00,11/6/22 9:30,22.05,21.0
11/6/22 9:30,11/6/22 10:00,11/6/22 9:30,11/6/22 10:00,23.08,21.98
11/6/22 10:00,11/6/22 10:30,11/6/22 10:00,11/6/22 10:30,21.0,20.0
11/6/22 10:30,11/6/22 11:00,11/6/22 10:30,11/6/22 11:00,23.31,22.2
11/6/22 11:00,11/6/22 11:30,11/6/22 11:00,11/6/22 11:30,20.58,19.6
11/6/22 11:30,11/6/22 12:00,11/6/22 11:30,11/6/22 12:00,21.21,20.2
11/6/22 12:00,11/6/22 12:30,11/6/22 12:00,11/6/22 12:30,22.26,21.2
11/6/22 12:30,11/6/22 13:00,11/6/22 12:30,11/6/22 13:00,23.94,22.8
11/6/22 13:00,11/6/22 13:30,11/6/22 13:00,11/6/22 13:30,22.74,21.66
11/6/22 13:30,11/6/22 14:00,11/6/22 13:30,11/6/22 14:00,22.18,21.12
11/6/22 14:00,11/6/22 14:30,11/6/22 14:00,11/6/22 14:30,23.1,22.0
11/6/22 14:30,11/6/22 15:00,11/6/22 14:30,11/6/22 15:00,22.26,21.2
11/6/22 15:00,11/6/22 15:30,11/6/22 15:00,11/6/22 15:30,19.95,19.0
11/6/22 15:30,11/6/22 16:00,11/6/22 15:30,11/6/22 16:00,22.7,21.62
11/6/22 16:00,11/6/22 16:30,11/6/22 16:00,11/6/22 16:30,34.27,32.64
11/6/22 16:30,11/6/22 17:00,11/6/22 16:30,11/6/22 17:00,35.8,34.09
11/6/22 17:00,11/6/22 17:30,11/6/22 17:00,11/6/22 17:30,35.8,34.09
11/6/22 17:30,11/6/22 18:00,11/6/22 17:30,11/6/22 18:00,35.8,34.09
11/6/22 18:00,11/6/22 18:30,11/6/22 18:00,11/6/22 18:30,35.8,34.09
11/6/22 18:30,11/6/22 19:00,11/6/22 18:30,11/6/22 19:00,34.19,32.56
11/6/22 19:00,11/6/22 19:30,11/6/22 19:00,11/6/22 19:30,25.85,24.62
11/6/22 19:30,11/6/22 20:00,11/6/22 19:30,11/6/22 20:00,21.71,20.68
11/6/22 20:00,11/6/22 20:30,11/6/22 20:00,11/6/22 20:30,24.15,23.0
11/6/22 20:30,11/6/22 21:00,11/6/22 20:30,11/6/22 21:00,21.5,20.48
11/6/22 21:00,11/6/22 21:30,11/6/22 21:00,11/6/22 21:30,23.52,22.4
11/6/22 21:30,11/6/22 22:00,11/6/22 21:30,11/6/22 22:00,14.7,14.0
11/6/22 22:00,11/6/22 22:30,11/6/22 22:00,11/6/22 22:30,19.11,18.2
11/6/22 22:30,11/6/22 23:00,11/6/22 22:30,11/6/22 23:00,13.86,13.2
11/6/22 23:00,11/6/22 23:30,11/6/22 23:00,11/6/22 23:30,19.95,19.0
11/6/22 23:30,11/7/22 0:00,11/6/22 23:30,11/7/22 0:00,15.9,15.14
11/7/22 0:00,11/7/22 0:30,11/7/22 0:00,11/7/22 0:30,14.55,13.86
11/7/22 0:30,11/7/22 1:00,11/7/22 0:30,11/7/22 1:00,16.8,16.0
11/7/22 1:00,11/7/22 1:30,11/7/22 1:00,11/7/22 1:30,13.44,12.8
11/7/22 1:30,11/7/22 2:00,11/7/22 1:30,11/7/22 2:00,10.65,10.14
11/7/22 2:00,11/7/22 2:30,11/7/22 2:00,11/7/22 2:30,8.61,8.2
11/7/22 2:30,11/7/22 3:00,11/7/22 2:30,11/7/22 3:00,7.14,6.8
11/7/22 3:00,11/7/22 3:30,11/7/22 3:00,11/7/22 3:30,2.04,1.94
11/7/22 3:30,11/7/22 4:00,11/7/22 3:30,11/7/22 4:00,1.77,1.69
11/7/22 4:00,11/7/22 4:30,11/7/22 4:00,11/7/22 4:30,2.1,2.0
11/7/22 4:30,11/7/22 5:00,11/7/22 4:30,11/7/22 5:00,2.35,2.24
11/7/22 5:00,11/7/22 5:30,11/7/22 5:00,11/7/22 5:30,6.51,6.2
11/7/22 5:30,11/7/22 6:00,11/7/22 5:30,11/7/22 6:00,15.69,14.94
11/7/22 6:00,11/7/22 6:30,11/7/22 6:00,11/7/22 6:30,16.8,16.0
11/7/22 6:30,11/7/22 7:00,11/7/22 6:30,11/7/22 7:00,19.95,19.0
11/7/22 7:00,11/7/22 7:30,11/7/22 7:00,11/7/22 7:30,13.71,13.06
11/7/22 7:30,11/7/22 8:00,11/7/22 7:30,11/7/22 8:00,24.53,23.36
11/7/22 8:00,11/7/22 8:30,11/7/22 8:00,11/7/22 8:30,20.5,19.52
11/7/22 8:30,11/7/22 9:00,11/7/22 8:30,11/7/22 9:00,22.89,21.8
11/7/22 9:00,11/7/22 9:30,11/7/22 9:00,11/7/22 9:30,23.04,21.94
11/7/22 9:30,11/7/22 10:00,11/7/22 9:30,11/7/22 10:00,22.81,21.72
11/7/22 10:00,11/7/22 10:30,11/7/22 10:00,11/7/22 10:30,21.55,20.52
11/7/22 10:30,11/7/22 11:00,11/7/22 10:30,11/7/22 11:00,21.55,20.52
11/7/22 11:00,11/7/22 11:30,11/7/22 11:00,11/7/22 11:30,20.69,19.7
11/7/22 11:30,11/7/22 12:00,11/7/22 11:30,11/7/22 12:00,18.06,17.2
11/7/22 12:00,11/7/22 12:30,11/7/22 12:00,11/7/22 12:30,18.69,17.8
11/7/22 12:30,11/7/22 13:00,11/7/22 12:30,11/7/22 13:00,17.43,16.6
11/7/22 13:00,11/7/22 13:30,11/7/22 13:00,11/7/22 13:30,21.17,20.16
11/7/22 13:30,11/7/22 14:00,11/7/22 13:30,11/7/22 14:00,16.8,16.0
11/7/22 14:00,11/7/22 14:30,11/7/22 14:00,11/7/22 14:30,23.86,22.72
11/7/22 14:30,11/7/22 15:00,11/7/22 14:30,11/7/22 15:00,19.78,18.84
11/7/22 15:00,11/7/22 15:30,11/7/22 15:00,11/7/22 15:30,16.38,15.6
11/7/22 15:30,11/7/22 16:00,11/7/22 15:30,11/7/22 16:00,24.11,22.96
11/7/22 16:00,11/7/22 16:30,11/7/22 16:00,11/7/22 16:30,34.86,33.2
11/7/22 16:30,11/7/22 17:00,11/7/22 16:30,11/7/22 17:00,35.8,34.09
11/7/22 17:00,11/7/22 17:30,11/7/22 17:00,11/7/22 17:30,35.8,34.09
11/7/22 17:30,11/7/22 18:00,11/7/22 17:30,11/7/22 18:00,35.8,34.09
11/7/22 18:00,11/7/22 18:30,11/7/22 18:00,11/7/22 18:30,35.8,34.09
11/7/22 18:30,11/7/22 19:00,11/7/22 18:30,11/7/22 19:00,32.55,31.0
11/7/22 19:00,11/7/22 19:30,11/7/22 19:00,11/7/22 19:30,21.0,20.0
11/7/22 19:30,11/7/22 20:00,11/7/22 19:30,11/7/22 20:00,16.8,16.0
11/7/22 20:00,11/7/22 20:30,11/7/22 20:00,11/7/22 20:30,22.28,21.22
11/7/22 20:30,11/7/22 21:00,11/7/22 20:30,11/7/22 21:00,20.03,19.08
11/7/22 21:00,11/7/22 21:30,11/7/22 21:00,11/7/22 21:30,23.52,22.4
11/7/22 21:30,11/7/22 22:00,11/7/22 21:30,11/7/22 22:00,17.23,16.41
11/7/22 22:00,11/7/22 22:30,11/7/22 22:00,11/7/22 22:30,16.44,15.66
11/7/22 22:30,11/7/22 23:00,11/7/22 22:30,11/7/22 23:00,10.5,10.0
11/7/22 23:00,11/7/22 23:30,11/7/22 23:00,11/7/22 23:30,14.51,13.82
11/7/22 23:30,11/8/22 0:00,11/7/22 23:30,11/8/22 0:00,9.24,8.8
11/8/22 0:00,11/8/22 0:30,11/8/22 0:00,11/8/22 0:30,7.77,7.4
11/8/22 0:30,11/8/22 1:00,11/8/22 0:30,11/8/22 1:00,10.5,10.0
11/8/22 1:00,11/8/22 1:30,11/8/22 1:00,11/8/22 1:30,10.37,9.88
11/8/22 1:30,11/8/22 2:00,11/8/22 1:30,11/8/22 2:00,9.41,8.96
11/8/22 2:00,11/8/22 2:30,11/8/22 2:00,11/8/22 2:30,10.31,9.82
11/8/22 2:30,11/8/22 3:00,11/8/22 2:30,11/8/22 3:00,9.41,8.96
11/8/22 3:00,11/8/22 3:30,11/8/22 3:00,11/8/22 3:30,10.04,9.56
11/8/22 3:30,11/8/22 4:00,11/8/22 3:30,11/8/22 4:00,9.32,8.88
11/8/22 4:00,11/8/22 4:30,11/8/22 4:00,11/8/22 4:30,8.46,8.06
11/8/22 4:30,11/8/22 5:00,11/8/22 4:30,11/8/22 5:00,10.5,10.0
11/8/22 5:00,11/8/22 5:30,11/8/22 5:00,11/8/22 5:30,14.83,14.12
11/8/22 5:30,11/8/22 6:00,11/8/22 5:30,11/8/22 6:00,17.47,16.64
11/8/22 6:00,11/8/22 6:30,11/8/22 6:00,11/8/22 6:30,20.37,19.4
11/8/22 6:30,11/8/22 7:00,11/8/22 6:30,11/8/22 7:00,20.37,19.4
11/8/22 7:00,11/8/22 7:30,11/8/22 7:00,11/8/22 7:30,23.73,22.6
11/8/22 7:30,11/8/22 8:00,11/8/22 7:30,11/8/22 8:00,27.89,26.56
11/8/22 8:00,11/8/22 8:30,11/8/22 8:00,11/8/22 8:30,24.78,23.6
11/8/22 8:30,11/8/22 9:00,11/8/22 8:30,11/8/22 9:00,25.2,24.0
11/8/22 9:00,11/8/22 9:30,11/8/22 9:00,11/8/22 9:30,21.0,20.0
11/8/22 9:30,11/8/22 10:00,11/8/22 9:30,11/8/22 10:00,20.79,19.8
11/8/22 10:00,11/8/22 10:30,11/8/22 10:00,11/8/22 10:30,21.99,20.94
11/8/22 10:30,11/8/22 11:00,11/8/22 10:30,11/8/22 11:00,19.74,18.8
11/8/22 11:00,11/8/22 11:30,11/8/22 11:00,11/8/22 11:30,22.51,21.44
11/8/22 11:30,11/8/22 12:00,11/8/22 11:30,11/8/22 12:00,21.55,20.52
11/8/22 12:00,11/8/22 12:30,11/8/22 12:00,11/8/22 12:30,18.14,17.28
11/8/22 12:30,11/8/22 13:00,11/8/22 12:30,11/8/22 13:00,18.14,17.28
11/8/22 13:00,11/8/22 13:30,11/8/22 13:00,11/8/22 13:30,23.18,22.08
11/8/22 13:30,11/8/22 14:00,11/8/22 13:30,11/8/22 14:00,18.86,17.96
11/8/22 14:00,11/8/22 14:30,11/8/22 14:00,11/8/22 14:30,25.2,24.0
11/8/22 14:30,11/8/22 15:00,11/8/22 14:30,11/8/22 15:00,20.1,19.14
11/8/22 15:00,11/8/22 15:30,11/8/22 15:00,11/8/22 15:30,21.42,20.4
11/8/22 15:30,11/8/22 16:00,11/8/22 15:30,11/8/22 16:00,26.67,25.4
11/8/22 16:00,11/8/22 16:30,11/8/22 16:00,11/8/22 16:30,35.7,34.0
11/8/22 16:30,11/8/22 17:00,11/8/22 16:30,11/8/22 17:00,35.8,34.09
11/8/22 17:00,11/8/22 17:30,11/8/22 17:00,11/8/22 17:30,35.8,34.09
11/8/22 17:30,11/8/22 18:00,11/8/22 17:30,11/8/22 18:00,35.8,34.09
11/8/22 18:00,11/8/22 18:30,11/8/22 18:00,11/8/22 18:30,35.8,34.09
11/8/22 18:30,11/8/22 19:00,11/8/22 18:30,11/8/22 19:00,35.8,34.09
11/8/22 19:00,11/8/22 19:30,11/8/22 19:00,11/8/22 19:30,25.2,24.0
11/8/22 19:30,11/8/22 20:00,11/8/22 19:30,11/8/22 20:00,26.21,24.96
11/8/22 20:00,11/8/22 20:30,11/8/22 20:00,11/8/22 20:30,25.2,24.0
11/8/22 20:30,11/8/22 21:00,11/8/22 20:30,11/8/22 21:00,20.79,19.8
11/8/22 21:00,11/8/22 21:30,11/8/22 21:00,11/8/22 21:30,23.65,22.52
11/8/22 21:30,11/8/22 22:00,11/8/22 21:30,11/8/22 22:00,21.84,20.8
11/8/22 22:00,11/8/22 22:30,11/8/22 22:00,11/8/22 22:30,24.63,23.46
11/8/22 22:30,11/8/22 23:00,11/8/22 22:30,11/8/22 23:00,18.33,17.46
11/8/22 23:00,11/8/22 23:30,11/8/22 23:00,11/8/22 23:30,21.23,20.22
11/8/22 23:30,11/9/22 0:00,11/8/22 23:30,11/9/22 0:00,19.95,19.0
11/9/22 0:00,11/9/22 0:30,11/9/22 0:00,11/9/22 0:30,18.9,18.0
11/9/22 0:30,11/9/22 1:00,11/9/22 0:30,11/9/22 1:00,23.08,21.98
11/9/22 1:00,11/9/22 1:30,11/9/22 1:00,11/9/22 1:30,23.08,21.98
11/9/22 1:30,11/9/22 2:00,11/9/22 1:30,11/9/22 2:00,19.01,18.1
11/9/22 2:00,11/9/22 2:30,11/9/22 2:00,11/9/22 2:30,21.92,20.88
11/9/22 2:30,11/9/22 3:00,11/9/22 2:30,11/9/22 3:00,17.24,16.42
11/9/22 3:00,11/9/22 3:30,11/9/22 3:00,11/9/22 3:30,18.48,17.6
11/9/22 3:30,11/9/22 4:00,11/9/22 3:30,11/9/22 4:00,14.7,14.0
11/9/22 4:00,11/9/22 4:30,11/9/22 4:00,11/9/22 4:30,16.8,16.0
11/9/22 4:30,11/9/22 5:00,11/9/22 4:30,11/9/22 5:00,18.48,17.6
11/9/22 5:00,11/9/22 5:30,11/9/22 5:00,11/9/22 5:30,21.0,20.0
11/9/22 5:30,11/9/22 6:00,11/9/22 5:30,11/9/22 6:00,19.78,18.84
11/9/22 6:00,11/9/22 6:30,11/9/22 6:00,11/9/22 6:30,22.24,21.18
11/9/22 6:30,11/9/22 7:00,11/9/22 6:30,11/9/22 7:00,23.1,22.0
11/9/22 7:00,11/9/22 7:30,11/9/22 7:00,11/9/22 7:30,25.2,24.0
11/9/22 7:30,11/9/22 8:00,11/9/22 7:30,11/9/22 8:00,30.24,28.8
11/9/22 8:00,11/9/22 8:30,11/9/22 8:00,11/9/22 8:30,27.3,26.0
11/9/22 8:30,11/9/22 9:00,11/9/22 8:30,11/9/22 9:00,26.46,25.2
11/9/22 9:00,11/9/22 9:30,11/9/22 9:00,11/9/22 9:30,25.87,24.64
11/9/22 9:30,11/9/22 10:00,11/9/22 9:30,11/9/22 10:00,21.21,20.2
11/9/22 10:00,11/9/22 10:30,11/9/22 10:00,11/9/22 10:30,20.56,19.58
11/9/22 10:30,11/9/22 11:00,11/9/22 10:30,11/9/22 11:00,17.66,16.82
11/9/22 11:00,11/9/22 11:30,11/9/22 11:00,11/9/22 11:30,19.34,18.42
11/9/22 11:30,11/9/22 12:00,11/9/22 11:30,11/9/22 12:00,17.22,16.4
11/9/22 12:00,11/9/22 12:30,11/9/22 12:00,11/9/22 12:30,17.22,16.4
11/9/22 12:30,11/9/22 13:00,11/9/22 12:30,11/9/22 13:00,18.06,17.2
11/9/22 13:00,11/9/22 13:30,11/9/22 13:00,11/9/22 13:30,20.16,19.2
11/9/22 13:30,11/9/22 14:00,11/9/22 13:30,11/9/22 14:00,17.22,16.4
11/9/22 14:00,11/9/22 14:30,11/9/22 14:00,11/9/22 14:30,23.31,22.2
11/9/22 14:30,11/9/22 15:00,11/9/22 14:30,11/9/22 15:00,23.31,22.2
11/9/22 15:00,11/9/22 15:30,11/9/22 15:00,11/9/22 15:30,21.0,20.0
11/9/22 15:30,11/9/22 16:00,11/9/22 15:30,11/9/22 16:00,26.25,25.0
11/9/22 16:00,11/9/22 16:30,11/9/22 16:00,11/9/22 16:30,35.8,34.09
11/9/22 16:30,11/9/22 17:00,11/9/22 16:30,11/9/22 17:00,37.15,35.38
11/9/22 17:00,11/9/22 17:30,11/9/22 17:00,11/9/22 17:30,35.8,34.09
11/9/22 17:30,11/9/22 18:00,11/9/22 17:30,11/9/22 18:00,35.8,34.09
11/9/22 18:00,11/9/22 18:30,11/9/22 18:00,11/9/22 18:30,35.8,34.09
11/9/22 18:30,11/9/22 19:00,11/9/22 18:30,11/9/22 19:00,35.8,34.09
11/9/22 19:00,11/9/22 19:30,11/9/22 19:00,11/9/22 19:30,30.24,28.8
11/9/22 19:30,11/9/22 20:00,11/9/22 19:30,11/9/22 20:00,19.72,18.78
11/9/22 20:00,11/9/22 20:30,11/9/22 20:00,11/9/22 20:30,23.31,22.2
,,,,,
11/9/22 20:30,11/9/22 21:00,11/9/22 20:30,11/9/22 21:00,22.58,21.5
11/9/22 21:00,11/9/22 21:30,11/9/22 21:00,11/9/22 21:30,26.25,25.0
11/9/22 21:30,11/9/22 22:00,11/9/22 21:30,11/9/22 22:00,22.05,21.0
11/9/22 22:00,11/9/22 22:30,11/9/22 22:00,11/9/22 22:30,22.24,21.18
11/9/22 22:30,11/9/22 23:00,11/9/22 22:30,11/9/22 23:00,16.34,15.56
11/9/22 23:00,11/9/22 23:30,11/9/22 23:00,11/9/22 23:30,20.48,19.5
11/9/22 23:30,11/10/22 0:00,11/9/22 23:30,11/10/22 0:00,15.23,14.5
11/10/22 0:00,11/10/22 0:30,11/10/22 0:00,11/10/22 0:30,12.17,11.59
11/10/22 0:30,11/10/22 1:00,11/10/22 0:30,11/10/22 1:00,16.17,15.4
11/10/22 1:00,11/10/22 1:30,11/10/22 1:00,11/10/22 1:30,14.49,13.8
11/10/22 1:30,11/10/22 2:00,11/10/22 1:30,11/10/22 2:00,9.03,8.6
11/10/22 2:00,11/10/22 2:30,11/10/22 2:00,11/10/22 2:30,9.14,8.7
11/10/22 2:30,11/10/22 3:00,11/10/22 2:30,11/10/22 3:00,2.1,2.0
11/10/22 3:00,11/10/22 3:30,11/10/22 3:00,11/10/22 3:30,3.74,3.56
11/10/22 3:30,11/10/22 4:00,11/10/22 3:30,11/10/22 4:00,0.92,0.88
